[{"model": "auth.permission", "pk": 1, "fields": {"name": "Can add permission", "content_type": 1, "codename": "add_permission"}}, {"model": "auth.permission", "pk": 2, "fields": {"name": "Can change permission", "content_type": 1, "codename": "change_permission"}}, {"model": "auth.permission", "pk": 3, "fields": {"name": "Can delete permission", "content_type": 1, "codename": "delete_permission"}}, {"model": "auth.permission", "pk": 4, "fields": {"name": "Can view permission", "content_type": 1, "codename": "view_permission"}}, {"model": "auth.permission", "pk": 5, "fields": {"name": "Can add group", "content_type": 2, "codename": "add_group"}}, {"model": "auth.permission", "pk": 6, "fields": {"name": "Can change group", "content_type": 2, "codename": "change_group"}}, {"model": "auth.permission", "pk": 7, "fields": {"name": "Can delete group", "content_type": 2, "codename": "delete_group"}}, {"model": "auth.permission", "pk": 8, "fields": {"name": "Can view group", "content_type": 2, "codename": "view_group"}}, {"model": "auth.permission", "pk": 9, "fields": {"name": "Can add content type", "content_type": 3, "codename": "add_contenttype"}}, {"model": "auth.permission", "pk": 10, "fields": {"name": "Can change content type", "content_type": 3, "codename": "change_contenttype"}}, {"model": "auth.permission", "pk": 11, "fields": {"name": "Can delete content type", "content_type": 3, "codename": "delete_contenttype"}}, {"model": "auth.permission", "pk": 12, "fields": {"name": "Can view content type", "content_type": 3, "codename": "view_contenttype"}}, {"model": "auth.permission", "pk": 13, "fields": {"name": "Can add session", "content_type": 4, "codename": "add_session"}}, {"model": "auth.permission", "pk": 14, "fields": {"name": "Can change session", "content_type": 4, "codename": "change_session"}}, {"model": "auth.permission", "pk": 15, "fields": {"name": "Can delete session", "content_type": 4, "codename": "delete_session"}}, {"model": "auth.permission", "pk": 16, "fields": {"name": "Can view session", "content_type": 4, "codename": "view_session"}}, {"model": "auth.permission", "pk": 17, "fields": {"name": "Can add site", "content_type": 5, "codename": "add_site"}}, {"model": "auth.permission", "pk": 18, "fields": {"name": "Can change site", "content_type": 5, "codename": "change_site"}}, {"model": "auth.permission", "pk": 19, "fields": {"name": "Can delete site", "content_type": 5, "codename": "delete_site"}}, {"model": "auth.permission", "pk": 20, "fields": {"name": "Can view site", "content_type": 5, "codename": "view_site"}}, {"model": "auth.permission", "pk": 21, "fields": {"name": "Can add log entry", "content_type": 6, "codename": "add_logentry"}}, {"model": "auth.permission", "pk": 22, "fields": {"name": "Can change log entry", "content_type": 6, "codename": "change_logentry"}}, {"model": "auth.permission", "pk": 23, "fields": {"name": "Can delete log entry", "content_type": 6, "codename": "delete_logentry"}}, {"model": "auth.permission", "pk": 24, "fields": {"name": "Can view log entry", "content_type": 6, "codename": "view_logentry"}}, {"model": "auth.permission", "pk": 25, "fields": {"name": "Can add email address", "content_type": 7, "codename": "add_emailaddress"}}, {"model": "auth.permission", "pk": 26, "fields": {"name": "Can change email address", "content_type": 7, "codename": "change_emailaddress"}}, {"model": "auth.permission", "pk": 27, "fields": {"name": "Can delete email address", "content_type": 7, "codename": "delete_emailaddress"}}, {"model": "auth.permission", "pk": 28, "fields": {"name": "Can view email address", "content_type": 7, "codename": "view_emailaddress"}}, {"model": "auth.permission", "pk": 29, "fields": {"name": "Can add email confirmation", "content_type": 8, "codename": "add_emailconfirmation"}}, {"model": "auth.permission", "pk": 30, "fields": {"name": "Can change email confirmation", "content_type": 8, "codename": "change_emailconfirmation"}}, {"model": "auth.permission", "pk": 31, "fields": {"name": "Can delete email confirmation", "content_type": 8, "codename": "delete_emailconfirmation"}}, {"model": "auth.permission", "pk": 32, "fields": {"name": "Can view email confirmation", "content_type": 8, "codename": "view_emailconfirmation"}}, {"model": "auth.permission", "pk": 33, "fields": {"name": "Can add social account", "content_type": 9, "codename": "add_socialaccount"}}, {"model": "auth.permission", "pk": 34, "fields": {"name": "Can change social account", "content_type": 9, "codename": "change_socialaccount"}}, {"model": "auth.permission", "pk": 35, "fields": {"name": "Can delete social account", "content_type": 9, "codename": "delete_socialaccount"}}, {"model": "auth.permission", "pk": 36, "fields": {"name": "Can view social account", "content_type": 9, "codename": "view_socialaccount"}}, {"model": "auth.permission", "pk": 37, "fields": {"name": "Can add social application", "content_type": 10, "codename": "add_socialapp"}}, {"model": "auth.permission", "pk": 38, "fields": {"name": "Can change social application", "content_type": 10, "codename": "change_socialapp"}}, {"model": "auth.permission", "pk": 39, "fields": {"name": "Can delete social application", "content_type": 10, "codename": "delete_socialapp"}}, {"model": "auth.permission", "pk": 40, "fields": {"name": "Can view social application", "content_type": 10, "codename": "view_socialapp"}}, {"model": "auth.permission", "pk": 41, "fields": {"name": "Can add social application token", "content_type": 11, "codename": "add_socialtoken"}}, {"model": "auth.permission", "pk": 42, "fields": {"name": "Can change social application token", "content_type": 11, "codename": "change_socialtoken"}}, {"model": "auth.permission", "pk": 43, "fields": {"name": "Can delete social application token", "content_type": 11, "codename": "delete_socialtoken"}}, {"model": "auth.permission", "pk": 44, "fields": {"name": "Can view social application token", "content_type": 11, "codename": "view_socialtoken"}}, {"model": "auth.permission", "pk": 45, "fields": {"name": "Can add crontab", "content_type": 12, "codename": "add_crontabschedule"}}, {"model": "auth.permission", "pk": 46, "fields": {"name": "Can change crontab", "content_type": 12, "codename": "change_crontabschedule"}}, {"model": "auth.permission", "pk": 47, "fields": {"name": "Can delete crontab", "content_type": 12, "codename": "delete_crontabschedule"}}, {"model": "auth.permission", "pk": 48, "fields": {"name": "Can view crontab", "content_type": 12, "codename": "view_crontabschedule"}}, {"model": "auth.permission", "pk": 49, "fields": {"name": "Can add interval", "content_type": 13, "codename": "add_intervalschedule"}}, {"model": "auth.permission", "pk": 50, "fields": {"name": "Can change interval", "content_type": 13, "codename": "change_intervalschedule"}}, {"model": "auth.permission", "pk": 51, "fields": {"name": "Can delete interval", "content_type": 13, "codename": "delete_intervalschedule"}}, {"model": "auth.permission", "pk": 52, "fields": {"name": "Can view interval", "content_type": 13, "codename": "view_intervalschedule"}}, {"model": "auth.permission", "pk": 53, "fields": {"name": "Can add periodic task", "content_type": 14, "codename": "add_periodictask"}}, {"model": "auth.permission", "pk": 54, "fields": {"name": "Can change periodic task", "content_type": 14, "codename": "change_periodictask"}}, {"model": "auth.permission", "pk": 55, "fields": {"name": "Can delete periodic task", "content_type": 14, "codename": "delete_periodictask"}}, {"model": "auth.permission", "pk": 56, "fields": {"name": "Can view periodic task", "content_type": 14, "codename": "view_periodictask"}}, {"model": "auth.permission", "pk": 57, "fields": {"name": "Can add periodic tasks", "content_type": 15, "codename": "add_periodictasks"}}, {"model": "auth.permission", "pk": 58, "fields": {"name": "Can change periodic tasks", "content_type": 15, "codename": "change_periodictasks"}}, {"model": "auth.permission", "pk": 59, "fields": {"name": "Can delete periodic tasks", "content_type": 15, "codename": "delete_periodictasks"}}, {"model": "auth.permission", "pk": 60, "fields": {"name": "Can view periodic tasks", "content_type": 15, "codename": "view_periodictasks"}}, {"model": "auth.permission", "pk": 61, "fields": {"name": "Can add solar event", "content_type": 16, "codename": "add_solarschedule"}}, {"model": "auth.permission", "pk": 62, "fields": {"name": "Can change solar event", "content_type": 16, "codename": "change_solarschedule"}}, {"model": "auth.permission", "pk": 63, "fields": {"name": "Can delete solar event", "content_type": 16, "codename": "delete_solarschedule"}}, {"model": "auth.permission", "pk": 64, "fields": {"name": "Can view solar event", "content_type": 16, "codename": "view_solarschedule"}}, {"model": "auth.permission", "pk": 65, "fields": {"name": "Can add clocked", "content_type": 17, "codename": "add_clockedschedule"}}, {"model": "auth.permission", "pk": 66, "fields": {"name": "Can change clocked", "content_type": 17, "codename": "change_clockedschedule"}}, {"model": "auth.permission", "pk": 67, "fields": {"name": "Can delete clocked", "content_type": 17, "codename": "delete_clockedschedule"}}, {"model": "auth.permission", "pk": 68, "fields": {"name": "Can view clocked", "content_type": 17, "codename": "view_clockedschedule"}}, {"model": "auth.permission", "pk": 69, "fields": {"name": "Can add Token", "content_type": 18, "codename": "add_token"}}, {"model": "auth.permission", "pk": 70, "fields": {"name": "Can change Token", "content_type": 18, "codename": "change_token"}}, {"model": "auth.permission", "pk": 71, "fields": {"name": "Can delete Token", "content_type": 18, "codename": "delete_token"}}, {"model": "auth.permission", "pk": 72, "fields": {"name": "Can view Token", "content_type": 18, "codename": "view_token"}}, {"model": "auth.permission", "pk": 73, "fields": {"name": "Can add token", "content_type": 19, "codename": "add_tokenproxy"}}, {"model": "auth.permission", "pk": 74, "fields": {"name": "Can change token", "content_type": 19, "codename": "change_tokenproxy"}}, {"model": "auth.permission", "pk": 75, "fields": {"name": "Can delete token", "content_type": 19, "codename": "delete_tokenproxy"}}, {"model": "auth.permission", "pk": 76, "fields": {"name": "Can view token", "content_type": 19, "codename": "view_tokenproxy"}}, {"model": "auth.permission", "pk": 77, "fields": {"name": "Can add user", "content_type": 20, "codename": "add_user"}}, {"model": "auth.permission", "pk": 78, "fields": {"name": "Can change user", "content_type": 20, "codename": "change_user"}}, {"model": "auth.permission", "pk": 79, "fields": {"name": "Can delete user", "content_type": 20, "codename": "delete_user"}}, {"model": "auth.permission", "pk": 80, "fields": {"name": "Can view user", "content_type": 20, "codename": "view_user"}}, {"model": "auth.permission", "pk": 81, "fields": {"name": "Can use Structure mode", "content_type": 21, "codename": "use_structure"}}, {"model": "auth.permission", "pk": 82, "fields": {"name": "Can change page", "content_type": 22, "codename": "change_page"}}, {"model": "auth.permission", "pk": 83, "fields": {"name": "Can add cms plugin", "content_type": 23, "codename": "add_cmsplugin"}}, {"model": "auth.permission", "pk": 84, "fields": {"name": "Can change cms plugin", "content_type": 23, "codename": "change_cmsplugin"}}, {"model": "auth.permission", "pk": 85, "fields": {"name": "Can delete cms plugin", "content_type": 23, "codename": "delete_cmsplugin"}}, {"model": "auth.permission", "pk": 86, "fields": {"name": "Can view cms plugin", "content_type": 23, "codename": "view_cmsplugin"}}, {"model": "auth.permission", "pk": 87, "fields": {"name": "Can add alias plugin model", "content_type": 24, "codename": "add_aliaspluginmodel"}}, {"model": "auth.permission", "pk": 88, "fields": {"name": "Can change alias plugin model", "content_type": 24, "codename": "change_aliaspluginmodel"}}, {"model": "auth.permission", "pk": 89, "fields": {"name": "Can delete alias plugin model", "content_type": 24, "codename": "delete_aliaspluginmodel"}}, {"model": "auth.permission", "pk": 90, "fields": {"name": "Can view alias plugin model", "content_type": 24, "codename": "view_aliaspluginmodel"}}, {"model": "auth.permission", "pk": 91, "fields": {"name": "Can add Page global permission", "content_type": 25, "codename": "add_globalpagepermission"}}, {"model": "auth.permission", "pk": 92, "fields": {"name": "Can change Page global permission", "content_type": 25, "codename": "change_globalpagepermission"}}, {"model": "auth.permission", "pk": 93, "fields": {"name": "Can delete Page global permission", "content_type": 25, "codename": "delete_globalpagepermission"}}, {"model": "auth.permission", "pk": 94, "fields": {"name": "Can view Page global permission", "content_type": 25, "codename": "view_globalpagepermission"}}, {"model": "auth.permission", "pk": 95, "fields": {"name": "Can add page", "content_type": 22, "codename": "add_page"}}, {"model": "auth.permission", "pk": 96, "fields": {"name": "Can delete page", "content_type": 22, "codename": "delete_page"}}, {"model": "auth.permission", "pk": 97, "fields": {"name": "Can view page", "content_type": 22, "codename": "view_page"}}, {"model": "auth.permission", "pk": 98, "fields": {"name": "Can publish page", "content_type": 22, "codename": "publish_page"}}, {"model": "auth.permission", "pk": 99, "fields": {"name": "Can edit static placeholders", "content_type": 22, "codename": "edit_static_placeholder"}}, {"model": "auth.permission", "pk": 100, "fields": {"name": "Can add Page permission", "content_type": 26, "codename": "add_pagepermission"}}, {"model": "auth.permission", "pk": 101, "fields": {"name": "Can change Page permission", "content_type": 26, "codename": "change_pagepermission"}}, {"model": "auth.permission", "pk": 102, "fields": {"name": "Can delete Page permission", "content_type": 26, "codename": "delete_pagepermission"}}, {"model": "auth.permission", "pk": 103, "fields": {"name": "Can view Page permission", "content_type": 26, "codename": "view_pagepermission"}}, {"model": "auth.permission", "pk": 104, "fields": {"name": "Can add User (page)", "content_type": 27, "codename": "add_pageuser"}}, {"model": "auth.permission", "pk": 105, "fields": {"name": "Can change User (page)", "content_type": 27, "codename": "change_pageuser"}}, {"model": "auth.permission", "pk": 106, "fields": {"name": "Can delete User (page)", "content_type": 27, "codename": "delete_pageuser"}}, {"model": "auth.permission", "pk": 107, "fields": {"name": "Can view User (page)", "content_type": 27, "codename": "view_pageuser"}}, {"model": "auth.permission", "pk": 108, "fields": {"name": "Can add User group (page)", "content_type": 28, "codename": "add_pageusergroup"}}, {"model": "auth.permission", "pk": 109, "fields": {"name": "Can change User group (page)", "content_type": 28, "codename": "change_pageusergroup"}}, {"model": "auth.permission", "pk": 110, "fields": {"name": "Can delete User group (page)", "content_type": 28, "codename": "delete_pageusergroup"}}, {"model": "auth.permission", "pk": 111, "fields": {"name": "Can view User group (page)", "content_type": 28, "codename": "view_pageusergroup"}}, {"model": "auth.permission", "pk": 112, "fields": {"name": "Can add placeholder", "content_type": 21, "codename": "add_placeholder"}}, {"model": "auth.permission", "pk": 113, "fields": {"name": "Can change placeholder", "content_type": 21, "codename": "change_placeholder"}}, {"model": "auth.permission", "pk": 114, "fields": {"name": "Can delete placeholder", "content_type": 21, "codename": "delete_placeholder"}}, {"model": "auth.permission", "pk": 115, "fields": {"name": "Can view placeholder", "content_type": 21, "codename": "view_placeholder"}}, {"model": "auth.permission", "pk": 116, "fields": {"name": "Can add placeholder reference", "content_type": 29, "codename": "add_placeholderreference"}}, {"model": "auth.permission", "pk": 117, "fields": {"name": "Can change placeholder reference", "content_type": 29, "codename": "change_placeholderreference"}}, {"model": "auth.permission", "pk": 118, "fields": {"name": "Can delete placeholder reference", "content_type": 29, "codename": "delete_placeholderreference"}}, {"model": "auth.permission", "pk": 119, "fields": {"name": "Can view placeholder reference", "content_type": 29, "codename": "view_placeholderreference"}}, {"model": "auth.permission", "pk": 120, "fields": {"name": "Can add static placeholder", "content_type": 30, "codename": "add_staticplaceholder"}}, {"model": "auth.permission", "pk": 121, "fields": {"name": "Can change static placeholder", "content_type": 30, "codename": "change_staticplaceholder"}}, {"model": "auth.permission", "pk": 122, "fields": {"name": "Can delete static placeholder", "content_type": 30, "codename": "delete_staticplaceholder"}}, {"model": "auth.permission", "pk": 123, "fields": {"name": "Can view static placeholder", "content_type": 30, "codename": "view_staticplaceholder"}}, {"model": "auth.permission", "pk": 124, "fields": {"name": "Can add title", "content_type": 31, "codename": "add_title"}}, {"model": "auth.permission", "pk": 125, "fields": {"name": "Can change title", "content_type": 31, "codename": "change_title"}}, {"model": "auth.permission", "pk": 126, "fields": {"name": "Can delete title", "content_type": 31, "codename": "delete_title"}}, {"model": "auth.permission", "pk": 127, "fields": {"name": "Can view title", "content_type": 31, "codename": "view_title"}}, {"model": "auth.permission", "pk": 128, "fields": {"name": "Can add user setting", "content_type": 32, "codename": "add_usersettings"}}, {"model": "auth.permission", "pk": 129, "fields": {"name": "Can change user setting", "content_type": 32, "codename": "change_usersettings"}}, {"model": "auth.permission", "pk": 130, "fields": {"name": "Can delete user setting", "content_type": 32, "codename": "delete_usersettings"}}, {"model": "auth.permission", "pk": 131, "fields": {"name": "Can view user setting", "content_type": 32, "codename": "view_usersettings"}}, {"model": "auth.permission", "pk": 132, "fields": {"name": "Can add urlconf revision", "content_type": 33, "codename": "add_urlconfrevision"}}, {"model": "auth.permission", "pk": 133, "fields": {"name": "Can change urlconf revision", "content_type": 33, "codename": "change_urlconfrevision"}}, {"model": "auth.permission", "pk": 134, "fields": {"name": "Can delete urlconf revision", "content_type": 33, "codename": "delete_urlconfrevision"}}, {"model": "auth.permission", "pk": 135, "fields": {"name": "Can view urlconf revision", "content_type": 33, "codename": "view_urlconfrevision"}}, {"model": "auth.permission", "pk": 136, "fields": {"name": "Can add cache key", "content_type": 36, "codename": "add_cachekey"}}, {"model": "auth.permission", "pk": 137, "fields": {"name": "Can change cache key", "content_type": 36, "codename": "change_cachekey"}}, {"model": "auth.permission", "pk": 138, "fields": {"name": "Can delete cache key", "content_type": 36, "codename": "delete_cachekey"}}, {"model": "auth.permission", "pk": 139, "fields": {"name": "Can view cache key", "content_type": 36, "codename": "view_cachekey"}}, {"model": "auth.permission", "pk": 140, "fields": {"name": "Can add clipboard", "content_type": 37, "codename": "add_clipboard"}}, {"model": "auth.permission", "pk": 141, "fields": {"name": "Can change clipboard", "content_type": 37, "codename": "change_clipboard"}}, {"model": "auth.permission", "pk": 142, "fields": {"name": "Can delete clipboard", "content_type": 37, "codename": "delete_clipboard"}}, {"model": "auth.permission", "pk": 143, "fields": {"name": "Can view clipboard", "content_type": 37, "codename": "view_clipboard"}}, {"model": "auth.permission", "pk": 144, "fields": {"name": "Can add clipboard item", "content_type": 38, "codename": "add_clipboarditem"}}, {"model": "auth.permission", "pk": 145, "fields": {"name": "Can change clipboard item", "content_type": 38, "codename": "change_clipboarditem"}}, {"model": "auth.permission", "pk": 146, "fields": {"name": "Can delete clipboard item", "content_type": 38, "codename": "delete_clipboarditem"}}, {"model": "auth.permission", "pk": 147, "fields": {"name": "Can view clipboard item", "content_type": 38, "codename": "view_clipboarditem"}}, {"model": "auth.permission", "pk": 148, "fields": {"name": "Can add file", "content_type": 39, "codename": "add_file"}}, {"model": "auth.permission", "pk": 149, "fields": {"name": "Can change file", "content_type": 39, "codename": "change_file"}}, {"model": "auth.permission", "pk": 150, "fields": {"name": "Can delete file", "content_type": 39, "codename": "delete_file"}}, {"model": "auth.permission", "pk": 151, "fields": {"name": "Can view file", "content_type": 39, "codename": "view_file"}}, {"model": "auth.permission", "pk": 152, "fields": {"name": "Can add Folder", "content_type": 40, "codename": "add_folder"}}, {"model": "auth.permission", "pk": 153, "fields": {"name": "Can change Folder", "content_type": 40, "codename": "change_folder"}}, {"model": "auth.permission", "pk": 154, "fields": {"name": "Can delete Folder", "content_type": 40, "codename": "delete_folder"}}, {"model": "auth.permission", "pk": 155, "fields": {"name": "Can view Folder", "content_type": 40, "codename": "view_folder"}}, {"model": "auth.permission", "pk": 156, "fields": {"name": "Can use directory listing", "content_type": 40, "codename": "can_use_directory_listing"}}, {"model": "auth.permission", "pk": 157, "fields": {"name": "Can add folder permission", "content_type": 41, "codename": "add_folderpermission"}}, {"model": "auth.permission", "pk": 158, "fields": {"name": "Can change folder permission", "content_type": 41, "codename": "change_folderpermission"}}, {"model": "auth.permission", "pk": 159, "fields": {"name": "Can delete folder permission", "content_type": 41, "codename": "delete_folderpermission"}}, {"model": "auth.permission", "pk": 160, "fields": {"name": "Can view folder permission", "content_type": 41, "codename": "view_folderpermission"}}, {"model": "auth.permission", "pk": 161, "fields": {"name": "Can add image", "content_type": 42, "codename": "add_image"}}, {"model": "auth.permission", "pk": 162, "fields": {"name": "Can change image", "content_type": 42, "codename": "change_image"}}, {"model": "auth.permission", "pk": 163, "fields": {"name": "Can delete image", "content_type": 42, "codename": "delete_image"}}, {"model": "auth.permission", "pk": 164, "fields": {"name": "Can view image", "content_type": 42, "codename": "view_image"}}, {"model": "auth.permission", "pk": 165, "fields": {"name": "Can add thumbnail option", "content_type": 43, "codename": "add_thumbnailoption"}}, {"model": "auth.permission", "pk": 166, "fields": {"name": "Can change thumbnail option", "content_type": 43, "codename": "change_thumbnailoption"}}, {"model": "auth.permission", "pk": 167, "fields": {"name": "Can delete thumbnail option", "content_type": 43, "codename": "delete_thumbnailoption"}}, {"model": "auth.permission", "pk": 168, "fields": {"name": "Can view thumbnail option", "content_type": 43, "codename": "view_thumbnailoption"}}, {"model": "auth.permission", "pk": 169, "fields": {"name": "Can add source", "content_type": 44, "codename": "add_source"}}, {"model": "auth.permission", "pk": 170, "fields": {"name": "Can change source", "content_type": 44, "codename": "change_source"}}, {"model": "auth.permission", "pk": 171, "fields": {"name": "Can delete source", "content_type": 44, "codename": "delete_source"}}, {"model": "auth.permission", "pk": 172, "fields": {"name": "Can view source", "content_type": 44, "codename": "view_source"}}, {"model": "auth.permission", "pk": 173, "fields": {"name": "Can add thumbnail", "content_type": 45, "codename": "add_thumbnail"}}, {"model": "auth.permission", "pk": 174, "fields": {"name": "Can change thumbnail", "content_type": 45, "codename": "change_thumbnail"}}, {"model": "auth.permission", "pk": 175, "fields": {"name": "Can delete thumbnail", "content_type": 45, "codename": "delete_thumbnail"}}, {"model": "auth.permission", "pk": 176, "fields": {"name": "Can view thumbnail", "content_type": 45, "codename": "view_thumbnail"}}, {"model": "auth.permission", "pk": 177, "fields": {"name": "Can add thumbnail dimensions", "content_type": 46, "codename": "add_thumbnaildimensions"}}, {"model": "auth.permission", "pk": 178, "fields": {"name": "Can change thumbnail dimensions", "content_type": 46, "codename": "change_thumbnaildimensions"}}, {"model": "auth.permission", "pk": 179, "fields": {"name": "Can delete thumbnail dimensions", "content_type": 46, "codename": "delete_thumbnaildimensions"}}, {"model": "auth.permission", "pk": 180, "fields": {"name": "Can view thumbnail dimensions", "content_type": 46, "codename": "view_thumbnaildimensions"}}, {"model": "auth.permission", "pk": 181, "fields": {"name": "Can add text", "content_type": 47, "codename": "add_text"}}, {"model": "auth.permission", "pk": 182, "fields": {"name": "Can change text", "content_type": 47, "codename": "change_text"}}, {"model": "auth.permission", "pk": 183, "fields": {"name": "Can delete text", "content_type": 47, "codename": "delete_text"}}, {"model": "auth.permission", "pk": 184, "fields": {"name": "Can view text", "content_type": 47, "codename": "view_text"}}, {"model": "auth.permission", "pk": 185, "fields": {"name": "Can add link", "content_type": 48, "codename": "add_link"}}, {"model": "auth.permission", "pk": 186, "fields": {"name": "Can change link", "content_type": 48, "codename": "change_link"}}, {"model": "auth.permission", "pk": 187, "fields": {"name": "Can delete link", "content_type": 48, "codename": "delete_link"}}, {"model": "auth.permission", "pk": 188, "fields": {"name": "Can view link", "content_type": 48, "codename": "view_link"}}, {"model": "auth.permission", "pk": 189, "fields": {"name": "Can add file", "content_type": 49, "codename": "add_file"}}, {"model": "auth.permission", "pk": 190, "fields": {"name": "Can change file", "content_type": 49, "codename": "change_file"}}, {"model": "auth.permission", "pk": 191, "fields": {"name": "Can delete file", "content_type": 49, "codename": "delete_file"}}, {"model": "auth.permission", "pk": 192, "fields": {"name": "Can view file", "content_type": 49, "codename": "view_file"}}, {"model": "auth.permission", "pk": 193, "fields": {"name": "Can add folder", "content_type": 50, "codename": "add_folder"}}, {"model": "auth.permission", "pk": 194, "fields": {"name": "Can change folder", "content_type": 50, "codename": "change_folder"}}, {"model": "auth.permission", "pk": 195, "fields": {"name": "Can delete folder", "content_type": 50, "codename": "delete_folder"}}, {"model": "auth.permission", "pk": 196, "fields": {"name": "Can view folder", "content_type": 50, "codename": "view_folder"}}, {"model": "auth.permission", "pk": 197, "fields": {"name": "Can add picture", "content_type": 51, "codename": "add_picture"}}, {"model": "auth.permission", "pk": 198, "fields": {"name": "Can change picture", "content_type": 51, "codename": "change_picture"}}, {"model": "auth.permission", "pk": 199, "fields": {"name": "Can delete picture", "content_type": 51, "codename": "delete_picture"}}, {"model": "auth.permission", "pk": 200, "fields": {"name": "Can view picture", "content_type": 51, "codename": "view_picture"}}, {"model": "auth.permission", "pk": 201, "fields": {"name": "Can add video player", "content_type": 52, "codename": "add_videoplayer"}}, {"model": "auth.permission", "pk": 202, "fields": {"name": "Can change video player", "content_type": 52, "codename": "change_videoplayer"}}, {"model": "auth.permission", "pk": 203, "fields": {"name": "Can delete video player", "content_type": 52, "codename": "delete_videoplayer"}}, {"model": "auth.permission", "pk": 204, "fields": {"name": "Can view video player", "content_type": 52, "codename": "view_videoplayer"}}, {"model": "auth.permission", "pk": 205, "fields": {"name": "Can add video source", "content_type": 53, "codename": "add_videosource"}}, {"model": "auth.permission", "pk": 206, "fields": {"name": "Can change video source", "content_type": 53, "codename": "change_videosource"}}, {"model": "auth.permission", "pk": 207, "fields": {"name": "Can delete video source", "content_type": 53, "codename": "delete_videosource"}}, {"model": "auth.permission", "pk": 208, "fields": {"name": "Can view video source", "content_type": 53, "codename": "view_videosource"}}, {"model": "auth.permission", "pk": 209, "fields": {"name": "Can add video track", "content_type": 54, "codename": "add_videotrack"}}, {"model": "auth.permission", "pk": 210, "fields": {"name": "Can change video track", "content_type": 54, "codename": "change_videotrack"}}, {"model": "auth.permission", "pk": 211, "fields": {"name": "Can delete video track", "content_type": 54, "codename": "delete_videotrack"}}, {"model": "auth.permission", "pk": 212, "fields": {"name": "Can view video track", "content_type": 54, "codename": "view_videotrack"}}, {"model": "auth.permission", "pk": 213, "fields": {"name": "Can add google map", "content_type": 55, "codename": "add_googlemap"}}, {"model": "auth.permission", "pk": 214, "fields": {"name": "Can change google map", "content_type": 55, "codename": "change_googlemap"}}, {"model": "auth.permission", "pk": 215, "fields": {"name": "Can delete google map", "content_type": 55, "codename": "delete_googlemap"}}, {"model": "auth.permission", "pk": 216, "fields": {"name": "Can view google map", "content_type": 55, "codename": "view_googlemap"}}, {"model": "auth.permission", "pk": 217, "fields": {"name": "Can add google map marker", "content_type": 56, "codename": "add_googlemapmarker"}}, {"model": "auth.permission", "pk": 218, "fields": {"name": "Can change google map marker", "content_type": 56, "codename": "change_googlemapmarker"}}, {"model": "auth.permission", "pk": 219, "fields": {"name": "Can delete google map marker", "content_type": 56, "codename": "delete_googlemapmarker"}}, {"model": "auth.permission", "pk": 220, "fields": {"name": "Can view google map marker", "content_type": 56, "codename": "view_googlemapmarker"}}, {"model": "auth.permission", "pk": 221, "fields": {"name": "Can add google map route", "content_type": 57, "codename": "add_googlemaproute"}}, {"model": "auth.permission", "pk": 222, "fields": {"name": "Can change google map route", "content_type": 57, "codename": "change_googlemaproute"}}, {"model": "auth.permission", "pk": 223, "fields": {"name": "Can delete google map route", "content_type": 57, "codename": "delete_googlemaproute"}}, {"model": "auth.permission", "pk": 224, "fields": {"name": "Can view google map route", "content_type": 57, "codename": "view_googlemaproute"}}, {"model": "auth.permission", "pk": 225, "fields": {"name": "Can add Snippet", "content_type": 58, "codename": "add_snippet"}}, {"model": "auth.permission", "pk": 226, "fields": {"name": "Can change Snippet", "content_type": 58, "codename": "change_snippet"}}, {"model": "auth.permission", "pk": 227, "fields": {"name": "Can delete Snippet", "content_type": 58, "codename": "delete_snippet"}}, {"model": "auth.permission", "pk": 228, "fields": {"name": "Can view Snippet", "content_type": 58, "codename": "view_snippet"}}, {"model": "auth.permission", "pk": 229, "fields": {"name": "Can add Snippet Ptr", "content_type": 59, "codename": "add_snippetptr"}}, {"model": "auth.permission", "pk": 230, "fields": {"name": "Can change Snippet Ptr", "content_type": 59, "codename": "change_snippetptr"}}, {"model": "auth.permission", "pk": 231, "fields": {"name": "Can delete Snippet Ptr", "content_type": 59, "codename": "delete_snippetptr"}}, {"model": "auth.permission", "pk": 232, "fields": {"name": "Can view Snippet Ptr", "content_type": 59, "codename": "view_snippetptr"}}, {"model": "auth.permission", "pk": 233, "fields": {"name": "Can add style", "content_type": 60, "codename": "add_style"}}, {"model": "auth.permission", "pk": 234, "fields": {"name": "Can change style", "content_type": 60, "codename": "change_style"}}, {"model": "auth.permission", "pk": 235, "fields": {"name": "Can delete style", "content_type": 60, "codename": "delete_style"}}, {"model": "auth.permission", "pk": 236, "fields": {"name": "Can view style", "content_type": 60, "codename": "view_style"}}, {"model": "auth.permission", "pk": 237, "fields": {"name": "Can add hero service module", "content_type": 61, "codename": "add_heroservicemodule"}}, {"model": "auth.permission", "pk": 238, "fields": {"name": "Can change hero service module", "content_type": 61, "codename": "change_heroservicemodule"}}, {"model": "auth.permission", "pk": 239, "fields": {"name": "Can delete hero service module", "content_type": 61, "codename": "delete_heroservicemodule"}}, {"model": "auth.permission", "pk": 240, "fields": {"name": "Can view hero service module", "content_type": 61, "codename": "view_heroservicemodule"}}, {"model": "auth.permission", "pk": 241, "fields": {"name": "Can add offer service item", "content_type": 62, "codename": "add_offerserviceitem"}}, {"model": "auth.permission", "pk": 242, "fields": {"name": "Can change offer service item", "content_type": 62, "codename": "change_offerserviceitem"}}, {"model": "auth.permission", "pk": 243, "fields": {"name": "Can delete offer service item", "content_type": 62, "codename": "delete_offerserviceitem"}}, {"model": "auth.permission", "pk": 244, "fields": {"name": "Can view offer service item", "content_type": 62, "codename": "view_offerserviceitem"}}, {"model": "auth.permission", "pk": 245, "fields": {"name": "Can add offer service module", "content_type": 63, "codename": "add_offerservicemodule"}}, {"model": "auth.permission", "pk": 246, "fields": {"name": "Can change offer service module", "content_type": 63, "codename": "change_offerservicemodule"}}, {"model": "auth.permission", "pk": 247, "fields": {"name": "Can delete offer service module", "content_type": 63, "codename": "delete_offerservicemodule"}}, {"model": "auth.permission", "pk": 248, "fields": {"name": "Can view offer service module", "content_type": 63, "codename": "view_offerservicemodule"}}, {"model": "auth.permission", "pk": 249, "fields": {"name": "Can add how we work item", "content_type": 64, "codename": "add_howweworkitem"}}, {"model": "auth.permission", "pk": 250, "fields": {"name": "Can change how we work item", "content_type": 64, "codename": "change_howweworkitem"}}, {"model": "auth.permission", "pk": 251, "fields": {"name": "Can delete how we work item", "content_type": 64, "codename": "delete_howweworkitem"}}, {"model": "auth.permission", "pk": 252, "fields": {"name": "Can view how we work item", "content_type": 64, "codename": "view_howweworkitem"}}, {"model": "auth.permission", "pk": 253, "fields": {"name": "Can add how we work module", "content_type": 65, "codename": "add_howweworkmodule"}}, {"model": "auth.permission", "pk": 254, "fields": {"name": "Can change how we work module", "content_type": 65, "codename": "change_howweworkmodule"}}, {"model": "auth.permission", "pk": 255, "fields": {"name": "Can delete how we work module", "content_type": 65, "codename": "delete_howweworkmodule"}}, {"model": "auth.permission", "pk": 256, "fields": {"name": "Can view how we work module", "content_type": 65, "codename": "view_howweworkmodule"}}, {"model": "auth.permission", "pk": 257, "fields": {"name": "Can add content left right module", "content_type": 66, "codename": "add_contentleftrightmodule"}}, {"model": "auth.permission", "pk": 258, "fields": {"name": "Can change content left right module", "content_type": 66, "codename": "change_contentleftrightmodule"}}, {"model": "auth.permission", "pk": 259, "fields": {"name": "Can delete content left right module", "content_type": 66, "codename": "delete_contentleftrightmodule"}}, {"model": "auth.permission", "pk": 260, "fields": {"name": "Can view content left right module", "content_type": 66, "codename": "view_contentleftrightmodule"}}, {"model": "auth.permission", "pk": 261, "fields": {"name": "Can add why choose us item", "content_type": 67, "codename": "add_whychooseusitem"}}, {"model": "auth.permission", "pk": 262, "fields": {"name": "Can change why choose us item", "content_type": 67, "codename": "change_whychooseusitem"}}, {"model": "auth.permission", "pk": 263, "fields": {"name": "Can delete why choose us item", "content_type": 67, "codename": "delete_whychooseusitem"}}, {"model": "auth.permission", "pk": 264, "fields": {"name": "Can view why choose us item", "content_type": 67, "codename": "view_whychooseusitem"}}, {"model": "auth.permission", "pk": 265, "fields": {"name": "Can add why choose us module", "content_type": 68, "codename": "add_whychooseusmodule"}}, {"model": "auth.permission", "pk": 266, "fields": {"name": "Can change why choose us module", "content_type": 68, "codename": "change_whychooseusmodule"}}, {"model": "auth.permission", "pk": 267, "fields": {"name": "Can delete why choose us module", "content_type": 68, "codename": "delete_whychooseusmodule"}}, {"model": "auth.permission", "pk": 268, "fields": {"name": "Can view why choose us module", "content_type": 68, "codename": "view_whychooseusmodule"}}, {"model": "auth.permission", "pk": 269, "fields": {"name": "Can add get in touch module", "content_type": 69, "codename": "add_getintouchmodule"}}, {"model": "auth.permission", "pk": 270, "fields": {"name": "Can change get in touch module", "content_type": 69, "codename": "change_getintouchmodule"}}, {"model": "auth.permission", "pk": 271, "fields": {"name": "Can delete get in touch module", "content_type": 69, "codename": "delete_getintouchmodule"}}, {"model": "auth.permission", "pk": 272, "fields": {"name": "Can view get in touch module", "content_type": 69, "codename": "view_getintouchmodule"}}, {"model": "auth.permission", "pk": 273, "fields": {"name": "Can add footer module", "content_type": 70, "codename": "add_footermodule"}}, {"model": "auth.permission", "pk": 274, "fields": {"name": "Can change footer module", "content_type": 70, "codename": "change_footermodule"}}, {"model": "auth.permission", "pk": 275, "fields": {"name": "Can delete footer module", "content_type": 70, "codename": "delete_footermodule"}}, {"model": "auth.permission", "pk": 276, "fields": {"name": "Can view footer module", "content_type": 70, "codename": "view_footermodule"}}, {"model": "contenttypes.contenttype", "pk": 1, "fields": {"app_label": "auth", "model": "permission"}}, {"model": "contenttypes.contenttype", "pk": 2, "fields": {"app_label": "auth", "model": "group"}}, {"model": "contenttypes.contenttype", "pk": 3, "fields": {"app_label": "contenttypes", "model": "contenttype"}}, {"model": "contenttypes.contenttype", "pk": 4, "fields": {"app_label": "sessions", "model": "session"}}, {"model": "contenttypes.contenttype", "pk": 5, "fields": {"app_label": "sites", "model": "site"}}, {"model": "contenttypes.contenttype", "pk": 6, "fields": {"app_label": "admin", "model": "logentry"}}, {"model": "contenttypes.contenttype", "pk": 7, "fields": {"app_label": "account", "model": "emailaddress"}}, {"model": "contenttypes.contenttype", "pk": 8, "fields": {"app_label": "account", "model": "emailconfirmation"}}, {"model": "contenttypes.contenttype", "pk": 9, "fields": {"app_label": "socialaccount", "model": "socialaccount"}}, {"model": "contenttypes.contenttype", "pk": 10, "fields": {"app_label": "socialaccount", "model": "socialapp"}}, {"model": "contenttypes.contenttype", "pk": 11, "fields": {"app_label": "socialaccount", "model": "socialtoken"}}, {"model": "contenttypes.contenttype", "pk": 12, "fields": {"app_label": "django_celery_beat", "model": "crontabschedule"}}, {"model": "contenttypes.contenttype", "pk": 13, "fields": {"app_label": "django_celery_beat", "model": "intervalschedule"}}, {"model": "contenttypes.contenttype", "pk": 14, "fields": {"app_label": "django_celery_beat", "model": "periodictask"}}, {"model": "contenttypes.contenttype", "pk": 15, "fields": {"app_label": "django_celery_beat", "model": "periodictasks"}}, {"model": "contenttypes.contenttype", "pk": 16, "fields": {"app_label": "django_celery_beat", "model": "solarschedule"}}, {"model": "contenttypes.contenttype", "pk": 17, "fields": {"app_label": "django_celery_beat", "model": "clockedschedule"}}, {"model": "contenttypes.contenttype", "pk": 18, "fields": {"app_label": "authtoken", "model": "token"}}, {"model": "contenttypes.contenttype", "pk": 19, "fields": {"app_label": "authtoken", "model": "tokenproxy"}}, {"model": "contenttypes.contenttype", "pk": 20, "fields": {"app_label": "users", "model": "user"}}, {"model": "contenttypes.contenttype", "pk": 21, "fields": {"app_label": "cms", "model": "placeholder"}}, {"model": "contenttypes.contenttype", "pk": 22, "fields": {"app_label": "cms", "model": "page"}}, {"model": "contenttypes.contenttype", "pk": 23, "fields": {"app_label": "cms", "model": "cmsplugin"}}, {"model": "contenttypes.contenttype", "pk": 24, "fields": {"app_label": "cms", "model": "aliaspluginmodel"}}, {"model": "contenttypes.contenttype", "pk": 25, "fields": {"app_label": "cms", "model": "globalpagepermission"}}, {"model": "contenttypes.contenttype", "pk": 26, "fields": {"app_label": "cms", "model": "pagepermission"}}, {"model": "contenttypes.contenttype", "pk": 27, "fields": {"app_label": "cms", "model": "pageuser"}}, {"model": "contenttypes.contenttype", "pk": 28, "fields": {"app_label": "cms", "model": "pageusergroup"}}, {"model": "contenttypes.contenttype", "pk": 29, "fields": {"app_label": "cms", "model": "placeholderreference"}}, {"model": "contenttypes.contenttype", "pk": 30, "fields": {"app_label": "cms", "model": "staticplaceholder"}}, {"model": "contenttypes.contenttype", "pk": 31, "fields": {"app_label": "cms", "model": "title"}}, {"model": "contenttypes.contenttype", "pk": 32, "fields": {"app_label": "cms", "model": "usersettings"}}, {"model": "contenttypes.contenttype", "pk": 33, "fields": {"app_label": "cms", "model": "urlconfrevision"}}, {"model": "contenttypes.contenttype", "pk": 34, "fields": {"app_label": "cms", "model": "pagetype"}}, {"model": "contenttypes.contenttype", "pk": 35, "fields": {"app_label": "cms", "model": "treenode"}}, {"model": "contenttypes.contenttype", "pk": 36, "fields": {"app_label": "menus", "model": "cachekey"}}, {"model": "contenttypes.contenttype", "pk": 37, "fields": {"app_label": "filer", "model": "clipboard"}}, {"model": "contenttypes.contenttype", "pk": 38, "fields": {"app_label": "filer", "model": "clipboarditem"}}, {"model": "contenttypes.contenttype", "pk": 39, "fields": {"app_label": "filer", "model": "file"}}, {"model": "contenttypes.contenttype", "pk": 40, "fields": {"app_label": "filer", "model": "folder"}}, {"model": "contenttypes.contenttype", "pk": 41, "fields": {"app_label": "filer", "model": "folderpermission"}}, {"model": "contenttypes.contenttype", "pk": 42, "fields": {"app_label": "filer", "model": "image"}}, {"model": "contenttypes.contenttype", "pk": 43, "fields": {"app_label": "filer", "model": "thumbnailoption"}}, {"model": "contenttypes.contenttype", "pk": 44, "fields": {"app_label": "easy_thumbnails", "model": "source"}}, {"model": "contenttypes.contenttype", "pk": 45, "fields": {"app_label": "easy_thumbnails", "model": "thumbnail"}}, {"model": "contenttypes.contenttype", "pk": 46, "fields": {"app_label": "easy_thumbnails", "model": "thumbnaildimensions"}}, {"model": "contenttypes.contenttype", "pk": 47, "fields": {"app_label": "djangocms_text_ckeditor", "model": "text"}}, {"model": "contenttypes.contenttype", "pk": 48, "fields": {"app_label": "djangocms_link", "model": "link"}}, {"model": "contenttypes.contenttype", "pk": 49, "fields": {"app_label": "djangocms_file", "model": "file"}}, {"model": "contenttypes.contenttype", "pk": 50, "fields": {"app_label": "djangocms_file", "model": "folder"}}, {"model": "contenttypes.contenttype", "pk": 51, "fields": {"app_label": "djangocms_picture", "model": "picture"}}, {"model": "contenttypes.contenttype", "pk": 52, "fields": {"app_label": "djangocms_video", "model": "videoplayer"}}, {"model": "contenttypes.contenttype", "pk": 53, "fields": {"app_label": "djangocms_video", "model": "videosource"}}, {"model": "contenttypes.contenttype", "pk": 54, "fields": {"app_label": "djangocms_video", "model": "videotrack"}}, {"model": "contenttypes.contenttype", "pk": 55, "fields": {"app_label": "djangocms_googlemap", "model": "googlemap"}}, {"model": "contenttypes.contenttype", "pk": 56, "fields": {"app_label": "djangocms_googlemap", "model": "googlemapmarker"}}, {"model": "contenttypes.contenttype", "pk": 57, "fields": {"app_label": "djangocms_googlemap", "model": "googlemaproute"}}, {"model": "contenttypes.contenttype", "pk": 58, "fields": {"app_label": "djangocms_snippet", "model": "snippet"}}, {"model": "contenttypes.contenttype", "pk": 59, "fields": {"app_label": "djangocms_snippet", "model": "snippetptr"}}, {"model": "contenttypes.contenttype", "pk": 60, "fields": {"app_label": "djangocms_style", "model": "style"}}, {"model": "contenttypes.contenttype", "pk": 61, "fields": {"app_label": "content_marketing", "model": "heroservicemodule"}}, {"model": "contenttypes.contenttype", "pk": 62, "fields": {"app_label": "content_marketing", "model": "offerserviceitem"}}, {"model": "contenttypes.contenttype", "pk": 63, "fields": {"app_label": "content_marketing", "model": "offerservicemodule"}}, {"model": "contenttypes.contenttype", "pk": 64, "fields": {"app_label": "content_marketing", "model": "howweworkitem"}}, {"model": "contenttypes.contenttype", "pk": 65, "fields": {"app_label": "content_marketing", "model": "howweworkmodule"}}, {"model": "contenttypes.contenttype", "pk": 66, "fields": {"app_label": "content_marketing", "model": "contentleftrightmodule"}}, {"model": "contenttypes.contenttype", "pk": 67, "fields": {"app_label": "content_marketing", "model": "whychooseusitem"}}, {"model": "contenttypes.contenttype", "pk": 68, "fields": {"app_label": "content_marketing", "model": "whychooseusmodule"}}, {"model": "contenttypes.contenttype", "pk": 69, "fields": {"app_label": "content_marketing", "model": "getintouchmodule"}}, {"model": "contenttypes.contenttype", "pk": 70, "fields": {"app_label": "content_marketing", "model": "footermodule"}}, {"model": "sessions.session", "pk": "0remq3j0y7kh8dric510bzzdcp9zowb9", "fields": {"session_data": ".eJxVjjsOwjAQRO_iGkX-JM6npOcM1q69JoYQI9uBAnF3EpECytn3djQvZmApo1kyJRMcG5hgh98bgr3SvAF3gfkcKxvnkgJWm1LtNFen6Gg67u5fwQh5XL-RHO-tRV77rpGdF5LQ1l60SgvSteaNbEChEh0H7UXfC6uU1GhJYgsa1lJ7y6bEOCEk40IGnGjd5WHK9IXkQmFDScue74kegZ678_4AGGlPpw:1q0IgX:Pqunq1876QuYkA2HFZbuPjv7FApZHDAfVoMOcNxi9Ac", "expire_date": "2023-06-03T09:15:33.103Z"}}, {"model": "sessions.session", "pk": "1e42y2ybz62h0oe6a7ssqwjh9i6laiee", "fields": {"session_data": ".eJxVTstuwyAQ_BfOlcXDJnaOvecb0AJLTUtNBLipEvnfg2UUtafdeezsPIiCtcxqzZiUt-RMGHn7y2kwX7jsgv2E5SN2Ji4led3tlq6pubtEi-G9ef8FzJDneq3R0skYTXs3Dnx0jKM2vWMnIRnKXtKBDyC0YCMF6dg0MSMEl9og1yeQUEPNd1YlxqAhKesz6IC1l4OQ8RDR-kLOJa0NXxP-eLy9PDd_h2RVGyYhFFSH40FywWvtSeujfVUWClR-a9D5gPnA-FsSvPRtewLzam9L:1pxXzO:7OgKQgiVhmypoz3Tvtv1orq3cGMjirqEPZ58sf3bxmU", "expire_date": "2023-05-26T18:59:38.934Z"}}, {"model": "sessions.session", "pk": "3d0tjyq0ceypontb4eaea2mhjudv27ya", "fields": {"session_data": ".eJxVjMsOwiAQRf-FtSEMtBRcuvcbyMwwSNWUpI-V8d-1SRe6veec-1IJt7WmbZE5jVmdFajT70bID5l2kO843ZrmNq3zSHpX9EEXfW1ZnpfD_TuouNRvTZJNZCbTldDbUMAKcVdgcB7Ed970tkdHDoJBXyBGYOesJxZLA3pU7w_maje7:1qZ3Ng:5Er6Q9BiD-LEtuhKjddPd-hywMzkClW1OXR45MUNcQ4", "expire_date": "2023-09-07T05:59:44.050Z"}}, {"model": "sessions.session", "pk": "4d789j2gid7ty92s3zcqpyxelyb0izc3", "fields": {"session_data": ".eJxVjjsOwjAQRO_iGkX-JM6npOcM1q69JoYQI9uBAnF3EpECytn3djQvZmApo1kyJRMcG5hgh98bgr3SvAF3gfkcKxvnkgJWm1LtNFen6Gg67u5fwQh5XL-RHO-tRV77rpGdF5LQ1l60SgvSteaNbEChEh0H7UXfC6uU1GhJYgsa1lJ7y6bEOCEk40IGnGjd5WHK9IXkQmFDScue74kegZ678_4AGGlPpw:1q9hjL:3iwWP61WriwD5-aIJHqOzfe3J5YIv0xxa4ywyqt48-Y", "expire_date": "2023-06-29T07:49:19.384Z"}}, {"model": "sessions.session", "pk": "dbpxwvy8t7q4oe6t5n69fub62d9t3kgn", "fields": {"session_data": ".eJxVUctOwzAQ_BefaWTn1aS3FqRKCJA4oYIqa22v27QhCbbT0KL8O46SVnCxvbOzq5nxD-HQuj1vLRpeKLIgjNz9xQTII1ZDQx2g2tWBrCtnChEMlGDq2uC5VliuJu6_BXuwez8tUNFcSkFjnSVhplmIQsaazaOUYRqnNAkTiETEMgqpZnnOZBSFqZAYijmk4JfKT8tdXZcCDFeFBVGi16WhtDg2URWOLJxpp7oxeCqwu3G64gJG8emSBsEhHxk_xDpsJvvDkytwMOB0OKQ1-rNQqsQODLra2ySLD3Kp4OnervbwquUbdmnz-H66P-TP8slupGqW56paL49ZvGKva3c4ZaW65A87tnn5WrZZbjqyvYn6o2YmW2OwcnyU9OEleB6dNbDDoWRjWfrvaCdI4Yj5KXMegDkDBMgg1hEqkWhGtY8RmKKgZQaSJXSeMB_rtu8nw7oo0V4dDyh-OwPXHPq-_wVZsLsC:1q059p:pxMOAxXUDEqj216YS2wLrsZ8IKYVQ5SlQLy1Bm2W3uw", "expire_date": "2023-06-02T18:48:53.904Z"}}, {"model": "sessions.session", "pk": "mfsr2nxy07yw1hazeh54uwygh33suzpj", "fields": {"session_data": ".eJxVjsFuwyAMht-FcxUFSGiS4-59BmSDWdhYqICs06q8-9IFVdvJ_v19tnxnGtYy6zVT0t6yiXF2-jtDMO-0PIB9g-U1NiYuJXlsHkpTaW4u0VJ4qe6_AzPked9Gsu1oDLadG3oxOC4ITef4WSpOqlNtL3qQKPnQgnJ8HLmRUig0JPAMCvaj5iPrEmNASNr6DBho_8tByHRAsr6wqaS15muiT0-3p3Pz35CsrsUkgkL6MO4sF7qyaVlDOP322kKBHWw1Oh8oH5m-SoIn37Yfknpwkg:1pxpP7:SQplBLLFyWQ2N_YWBcz2Zi6_c-rjDd0lQjZ-2YThl30", "expire_date": "2023-05-27T13:35:21.959Z"}}, {"model": "sessions.session", "pk": "ngnjxpo20ih01oyci45mix3znuar3p01", "fields": {"session_data": ".eJxVjMsOwiAQRf-FtSEMtBRcuvcbyMwwSNWUpI-V8d-1SRe6veec-1IJt7WmbZE5jVmdFajT70bID5l2kO843ZrmNq3zSHpX9EEXfW1ZnpfD_TuouNRvTZJNZCbTldDbUMAKcVdgcB7Ed970tkdHDoJBXyBGYOesJxZLA3pU7w_maje7:1pzvGh:5CiaGhUHNGsFPQ4geF2m8bo-1l_8yXMhTqR3SUQhgyg", "expire_date": "2023-06-02T08:15:19.955Z"}}, {"model": "sessions.session", "pk": "twv4a0bj6lkb78d32ywdbd43ubxe71u9", "fields": {"session_data": ".eJyrVkrOLY4vyc_PSUosik_JLE5MyklNUbJKS8wpTtUBS6amZJYoWZUUlUL5BUWpZZmp5VA1tQA_fRi5:1q0F1G:rFdWbpTLWaLTCxO9cJiHOUpl--8rcE8gNOZH_T_tL94", "expire_date": "2023-06-03T05:20:42.173Z"}}, {"model": "sites.site", "pk": 1, "fields": {"domain": "surfgreen.dev", "name": "surfgreen_app"}}, {"model": "admin.logentry", "pk": 1, "fields": {"action_time": "2023-05-13T06:50:28.368Z", "user": 1, "content_type": 22, "object_id": "3", "object_repr": "Impressum", "action_flag": 2, "change_message": "[]"}}, {"model": "admin.logentry", "pk": 2, "fields": {"action_time": "2023-05-13T06:51:29.727Z", "user": 1, "content_type": 22, "object_id": "3", "object_repr": "Impressum", "action_flag": 2, "change_message": "[{\"changed\": {\"fields\": [\"Menu Title\", \"Page Title\"]}}]"}}, {"model": "admin.logentry", "pk": 3, "fields": {"action_time": "2023-05-13T07:10:11.667Z", "user": 1, "content_type": 47, "object_id": "2", "object_repr": "Das ist der...", "action_flag": 3, "change_message": ""}}, {"model": "admin.logentry", "pk": 4, "fields": {"action_time": "2023-05-19T06:29:41.670Z", "user": 1, "content_type": 22, "object_id": "5", "object_repr": "Python Django", "action_flag": 1, "change_message": "[{\"added\": {}}]"}}, {"model": "admin.logentry", "pk": 5, "fields": {"action_time": "2023-05-19T06:29:57.277Z", "user": 1, "content_type": 22, "object_id": "5", "object_repr": "Python Django", "action_flag": 2, "change_message": "[{\"changed\": {\"fields\": [\"Template\", \"X Frame Options\"]}}]"}}, {"model": "admin.logentry", "pk": 6, "fields": {"action_time": "2023-05-19T08:13:47.435Z", "user": 1, "content_type": 22, "object_id": "5", "object_repr": "Python Django Webentwicklung", "action_flag": 2, "change_message": ""}}, {"model": "admin.logentry", "pk": 7, "fields": {"action_time": "2023-05-19T08:28:54.905Z", "user": 1, "content_type": 22, "object_id": "1", "object_repr": "HelloWorld", "action_flag": 2, "change_message": ""}}, {"model": "admin.logentry", "pk": 8, "fields": {"action_time": "2023-05-19T18:48:38.600Z", "user": 1, "content_type": 22, "object_id": "1", "object_repr": "Startseite", "action_flag": 2, "change_message": "[{\"changed\": {\"fields\": [\"Title\", \"Slug\"]}}]"}}, {"model": "users.user", "pk": 1, "fields": {"password": "argon2$argon2id$v=19$m=102400,t=2,p=8$MXJ4UnJDUzNxdlpYYzZSbGpseHh1dA$CHqME/IN+Cf+AloJGNGk7LTN8qCsM/Nrl5154axt1uI", "last_login": "2023-08-24T05:59:44.003Z", "is_superuser": true, "is_staff": true, "is_active": true, "date_joined": "2023-05-12T16:32:59.385Z", "name": "", "email": "devops@surfgreen.dev", "groups": [], "user_permissions": []}}, {"model": "cms.usersettings", "pk": 1, "fields": {"user": 1, "language": "de", "clipboard": 1}}, {"model": "cms.treenode", "pk": 1, "fields": {"path": "0001", "depth": 1, "numchild": 0, "parent": null, "site": 1}}, {"model": "cms.treenode", "pk": 2, "fields": {"path": "0003", "depth": 1, "numchild": 0, "parent": null, "site": 1}}, {"model": "cms.treenode", "pk": 3, "fields": {"path": "0004", "depth": 1, "numchild": 0, "parent": null, "site": 1}}, {"model": "cms.treenode", "pk": 4, "fields": {"path": "0002", "depth": 1, "numchild": 0, "parent": null, "site": 1}}, {"model": "cms.page", "pk": 1, "fields": {"created_by": "devops@surfgreen.dev", "changed_by": "devops@surfgreen.dev", "creation_date": "2023-05-13T05:32:07.169Z", "changed_date": "2023-05-19T18:48:38.595Z", "publication_date": "2023-05-13T05:32:07.189Z", "publication_end_date": null, "in_navigation": true, "soft_root": false, "reverse_id": null, "navigation_extenders": null, "template": "INHERIT", "login_required": false, "limit_visibility_in_menu": null, "is_home": true, "application_urls": null, "application_namespace": null, "publisher_is_draft": true, "publisher_public": 2, "languages": "de", "xframe_options": 0, "is_page_type": false, "node": 1, "placeholders": [2, 4, 9, 13]}}, {"model": "cms.page", "pk": 2, "fields": {"created_by": "devops@surfgreen.dev", "changed_by": "devops@surfgreen.dev", "creation_date": "2023-05-13T05:32:07.191Z", "changed_date": "2023-05-19T08:28:54.853Z", "publication_date": "2023-05-13T05:32:07.189Z", "publication_end_date": null, "in_navigation": true, "soft_root": false, "reverse_id": null, "navigation_extenders": null, "template": "INHERIT", "login_required": false, "limit_visibility_in_menu": null, "is_home": true, "application_urls": null, "application_namespace": null, "publisher_is_draft": false, "publisher_public": 1, "languages": "de", "xframe_options": 0, "is_page_type": false, "node": 1, "placeholders": [3, 11, 12, 24]}}, {"model": "cms.page", "pk": 3, "fields": {"created_by": "devops@surfgreen.dev", "changed_by": "devops@surfgreen.dev", "creation_date": "2023-05-13T06:22:21.040Z", "changed_date": "2023-05-13T06:51:29.723Z", "publication_date": null, "publication_end_date": null, "in_navigation": true, "soft_root": false, "reverse_id": null, "navigation_extenders": null, "template": "INHERIT", "login_required": false, "limit_visibility_in_menu": null, "is_home": false, "application_urls": null, "application_namespace": null, "publisher_is_draft": true, "publisher_public": null, "languages": "de", "xframe_options": 0, "is_page_type": false, "node": 2, "placeholders": [5, 6]}}, {"model": "cms.page", "pk": 4, "fields": {"created_by": "devops@surfgreen.dev", "changed_by": "devops@surfgreen.dev", "creation_date": "2023-05-13T07:02:53.410Z", "changed_date": "2023-05-13T07:02:53.410Z", "publication_date": null, "publication_end_date": null, "in_navigation": true, "soft_root": false, "reverse_id": null, "navigation_extenders": null, "template": "INHERIT", "login_required": false, "limit_visibility_in_menu": null, "is_home": false, "application_urls": null, "application_namespace": null, "publisher_is_draft": true, "publisher_public": null, "languages": "de", "xframe_options": 0, "is_page_type": false, "node": 3, "placeholders": [7, 8, 10]}}, {"model": "cms.page", "pk": 5, "fields": {"created_by": "devops@surfgreen.dev", "changed_by": "devops@surfgreen.dev", "creation_date": "2023-05-19T06:29:41.638Z", "changed_date": "2023-06-15T07:49:00.239Z", "publication_date": "2023-05-19T08:13:47.395Z", "publication_end_date": null, "in_navigation": true, "soft_root": false, "reverse_id": null, "navigation_extenders": null, "template": "cms/service.html", "login_required": false, "limit_visibility_in_menu": null, "is_home": false, "application_urls": "", "application_namespace": null, "publisher_is_draft": true, "publisher_public": 6, "languages": "de", "xframe_options": 0, "is_page_type": false, "node": 4, "placeholders": [16, 17, 18, 19, 25]}}, {"model": "cms.page", "pk": 6, "fields": {"created_by": "devops@surfgreen.dev", "changed_by": "devops@surfgreen.dev", "creation_date": "2023-05-19T08:13:47.397Z", "changed_date": "2023-05-19T08:13:47.397Z", "publication_date": "2023-05-19T08:13:47.395Z", "publication_end_date": null, "in_navigation": true, "soft_root": false, "reverse_id": null, "navigation_extenders": null, "template": "cms/service.html", "login_required": false, "limit_visibility_in_menu": null, "is_home": false, "application_urls": "", "application_namespace": null, "publisher_is_draft": false, "publisher_public": 5, "languages": "de", "xframe_options": 0, "is_page_type": false, "node": 4, "placeholders": [20, 21, 22, 23, 26]}}, {"model": "cms.placeholder", "pk": 1, "fields": {"slot": "clipboard", "default_width": null}}, {"model": "cms.placeholder", "pk": 2, "fields": {"slot": "content", "default_width": null}}, {"model": "cms.placeholder", "pk": 3, "fields": {"slot": "content", "default_width": null}}, {"model": "cms.placeholder", "pk": 4, "fields": {"slot": "main", "default_width": null}}, {"model": "cms.placeholder", "pk": 5, "fields": {"slot": "content", "default_width": null}}, {"model": "cms.placeholder", "pk": 6, "fields": {"slot": "navigation", "default_width": null}}, {"model": "cms.placeholder", "pk": 7, "fields": {"slot": "navigation", "default_width": null}}, {"model": "cms.placeholder", "pk": 8, "fields": {"slot": "content", "default_width": null}}, {"model": "cms.placeholder", "pk": 9, "fields": {"slot": "navigation", "default_width": null}}, {"model": "cms.placeholder", "pk": 10, "fields": {"slot": "footer_text", "default_width": null}}, {"model": "cms.placeholder", "pk": 11, "fields": {"slot": "navigation", "default_width": null}}, {"model": "cms.placeholder", "pk": 12, "fields": {"slot": "footer_text", "default_width": null}}, {"model": "cms.placeholder", "pk": 13, "fields": {"slot": "footer_text", "default_width": null}}, {"model": "cms.placeholder", "pk": 14, "fields": {"slot": "footer_text", "default_width": null}}, {"model": "cms.placeholder", "pk": 15, "fields": {"slot": "footer_text", "default_width": null}}, {"model": "cms.placeholder", "pk": 16, "fields": {"slot": "navigation", "default_width": null}}, {"model": "cms.placeholder", "pk": 17, "fields": {"slot": "content", "default_width": null}}, {"model": "cms.placeholder", "pk": 18, "fields": {"slot": "blank_content", "default_width": null}}, {"model": "cms.placeholder", "pk": 19, "fields": {"slot": "content_marketing_services", "default_width": null}}, {"model": "cms.placeholder", "pk": 20, "fields": {"slot": "navigation", "default_width": null}}, {"model": "cms.placeholder", "pk": 21, "fields": {"slot": "content", "default_width": null}}, {"model": "cms.placeholder", "pk": 22, "fields": {"slot": "blank_content", "default_width": null}}, {"model": "cms.placeholder", "pk": 23, "fields": {"slot": "content_marketing_services", "default_width": null}}, {"model": "cms.placeholder", "pk": 24, "fields": {"slot": "main", "default_width": null}}, {"model": "cms.placeholder", "pk": 25, "fields": {"slot": "pre_footer_content", "default_width": null}}, {"model": "cms.placeholder", "pk": 26, "fields": {"slot": "pre_footer_content", "default_width": null}}, {"model": "cms.placeholder", "pk": 27, "fields": {"slot": "content", "default_width": null}}, {"model": "cms.placeholder", "pk": 28, "fields": {"slot": "content", "default_width": null}}, {"model": "cms.placeholder", "pk": 29, "fields": {"slot": "footer", "default_width": null}}, {"model": "cms.placeholder", "pk": 30, "fields": {"slot": "footer", "default_width": null}}, {"model": "cms.cmsplugin", "pk": 1, "fields": {"path": "0001", "depth": 1, "numchild": 0, "placeholder": 2, "parent": null, "position": 0, "language": "de", "plugin_type": "TextPlugin", "creation_date": "2023-05-13T05:32:07.228Z", "changed_date": "2023-05-19T05:36:01.398Z"}}, {"model": "cms.cmsplugin", "pk": 3, "fields": {"path": "0002", "depth": 1, "numchild": 0, "placeholder": 8, "parent": null, "position": 0, "language": "de", "plugin_type": "TextPlugin", "creation_date": "2023-05-13T07:10:29.563Z", "changed_date": "2023-05-13T07:10:58.654Z"}}, {"model": "cms.cmsplugin", "pk": 4, "fields": {"path": "0003", "depth": 1, "numchild": 0, "placeholder": 3, "parent": null, "position": 0, "language": "de", "plugin_type": "TextPlugin", "creation_date": "2023-05-13T05:32:07.228Z", "changed_date": "2023-05-19T08:28:54.881Z"}}, {"model": "cms.cmsplugin", "pk": 5, "fields": {"path": "0004", "depth": 1, "numchild": 0, "placeholder": 19, "parent": null, "position": 0, "language": "de", "plugin_type": "HeroServiceModulePublisher", "creation_date": "2023-05-19T08:30:39.028Z", "changed_date": "2023-05-19T08:30:39.033Z"}}, {"model": "cms.cmsplugin", "pk": 6, "fields": {"path": "0005", "depth": 1, "numchild": 1, "placeholder": 19, "parent": null, "position": 1, "language": "de", "plugin_type": "OfferServiceModulePublisher", "creation_date": "2023-05-19T08:56:16.067Z", "changed_date": "2023-05-19T08:56:16.072Z"}}, {"model": "cms.cmsplugin", "pk": 7, "fields": {"path": "00050001", "depth": 2, "numchild": 0, "placeholder": 19, "parent": 6, "position": 0, "language": "de", "plugin_type": "OfferServiceItemPublisher", "creation_date": "2023-05-19T08:56:50.131Z", "changed_date": "2023-05-19T08:56:50.136Z"}}, {"model": "cms.cmsplugin", "pk": 8, "fields": {"path": "0006", "depth": 1, "numchild": 1, "placeholder": 19, "parent": null, "position": 2, "language": "de", "plugin_type": "HowWeWorkModulePublisher", "creation_date": "2023-05-19T10:07:55.355Z", "changed_date": "2023-05-19T10:10:19.235Z"}}, {"model": "cms.cmsplugin", "pk": 9, "fields": {"path": "00060001", "depth": 2, "numchild": 0, "placeholder": 19, "parent": 8, "position": 0, "language": "de", "plugin_type": "OfferServiceItemPublisher", "creation_date": "2023-05-19T10:10:43.129Z", "changed_date": "2023-05-19T10:10:53.693Z"}}, {"model": "cms.cmsplugin", "pk": 10, "fields": {"path": "0007", "depth": 1, "numchild": 0, "placeholder": 19, "parent": null, "position": 3, "language": "de", "plugin_type": "ContentLeftRightModulePublisher", "creation_date": "2023-05-19T11:42:02.795Z", "changed_date": "2023-05-19T11:42:02.801Z"}}, {"model": "cms.cmsplugin", "pk": 11, "fields": {"path": "0008", "depth": 1, "numchild": 0, "placeholder": 19, "parent": null, "position": 4, "language": "de", "plugin_type": "ContentLeftRightModulePublisher", "creation_date": "2023-05-19T11:42:22.875Z", "changed_date": "2023-05-19T11:42:22.881Z"}}, {"model": "cms.cmsplugin", "pk": 12, "fields": {"path": "0009", "depth": 1, "numchild": 0, "placeholder": 25, "parent": null, "position": 0, "language": "de", "plugin_type": "GetInTouchModulePublisher", "creation_date": "2023-05-19T12:19:05.904Z", "changed_date": "2023-05-19T12:19:05.910Z"}}, {"model": "cms.cmsplugin", "pk": 13, "fields": {"path": "000A", "depth": 1, "numchild": 0, "placeholder": 29, "parent": null, "position": 0, "language": "de", "plugin_type": "FooterModulePublisher", "creation_date": "2023-05-20T05:49:37.244Z", "changed_date": "2023-05-20T05:49:37.253Z"}}, {"model": "cms.cmsplugin", "pk": 14, "fields": {"path": "000B", "depth": 1, "numchild": 0, "placeholder": 19, "parent": null, "position": 0, "language": "en", "plugin_type": "OfferServiceModulePublisher", "creation_date": "2023-06-15T07:49:18.718Z", "changed_date": "2023-06-15T07:49:18.725Z"}}, {"model": "cms.title", "pk": 1, "fields": {"language": "de", "title": "Startseite", "page_title": "", "menu_title": "", "meta_description": "", "slug": "start", "path": "", "has_url_overwrite": false, "redirect": null, "page": 1, "creation_date": "2023-05-13T05:32:07.176Z", "published": true, "publisher_is_draft": true, "publisher_public": 2, "publisher_state": 1}}, {"model": "cms.title", "pk": 2, "fields": {"language": "de", "title": "HelloWorld", "page_title": null, "menu_title": null, "meta_description": null, "slug": "helloworld", "path": "", "has_url_overwrite": false, "redirect": null, "page": 2, "creation_date": "2023-05-13T05:32:07.176Z", "published": true, "publisher_is_draft": false, "publisher_public": 1, "publisher_state": 0}}, {"model": "cms.title", "pk": 3, "fields": {"language": "de", "title": "Impressum", "page_title": "Impressum", "menu_title": "Impressum", "meta_description": "", "slug": "impressum", "path": "impressum", "has_url_overwrite": false, "redirect": null, "page": 3, "creation_date": "2023-05-13T06:22:21.045Z", "published": false, "publisher_is_draft": true, "publisher_public": null, "publisher_state": 1}}, {"model": "cms.title", "pk": 4, "fields": {"language": "de", "title": "Datenschutz", "page_title": null, "menu_title": null, "meta_description": null, "slug": "datenschutz", "path": "datenschutz", "has_url_overwrite": false, "redirect": null, "page": 4, "creation_date": "2023-05-13T07:02:53.415Z", "published": false, "publisher_is_draft": true, "publisher_public": null, "publisher_state": 1}}, {"model": "cms.title", "pk": 5, "fields": {"language": "de", "title": "Python Django Webentwicklung", "page_title": "Python Django Webentwicklung", "menu_title": "Python Django", "meta_description": "", "slug": "python-django-webentwicklung", "path": "python-django-webentwicklung", "has_url_overwrite": false, "redirect": null, "page": 5, "creation_date": "2023-05-19T06:29:41.644Z", "published": true, "publisher_is_draft": true, "publisher_public": 6, "publisher_state": 1}}, {"model": "cms.title", "pk": 6, "fields": {"language": "de", "title": "Python Django Webentwicklung", "page_title": "Python Django Webentwicklung", "menu_title": "Python Django", "meta_description": "", "slug": "python-django-webentwicklung", "path": "python-django-webentwicklung", "has_url_overwrite": false, "redirect": null, "page": 6, "creation_date": "2023-05-19T06:29:41.644Z", "published": true, "publisher_is_draft": false, "publisher_public": 5, "publisher_state": 0}}, {"model": "cms.staticplaceholder", "pk": 1, "fields": {"name": "", "code": "footer_text", "draft": 14, "public": 15, "dirty": false, "creation_method": "template", "site": null}}, {"model": "cms.staticplaceholder", "pk": 2, "fields": {"name": "", "code": "content", "draft": 27, "public": 28, "dirty": false, "creation_method": "template", "site": null}}, {"model": "cms.staticplaceholder", "pk": 3, "fields": {"name": "", "code": "footer", "draft": 29, "public": 30, "dirty": true, "creation_method": "template", "site": null}}, {"model": "cms.urlconfrevision", "pk": 1, "fields": {"revision": "2b18b000-d2a8-4cc3-b6c9-b70910cb2aa6"}}, {"model": "menus.cachekey", "pk": 10, "fields": {"language": "de", "site": 1, "key": "cms_3.11.3_menu_nodes_de_1_1_user:draft"}}, {"model": "menus.cachekey", "pk": 11, "fields": {"language": "de", "site": 1, "key": "cms_3.11.3_menu_nodes_de_1:public"}}, {"model": "menus.cachekey", "pk": 12, "fields": {"language": "de", "site": 1, "key": "cms_3.11.3_menu_nodes_de_1_1_user:public"}}, {"model": "djangocms_text_ckeditor.text", "pk": 1, "fields": {"body": "<p>Hello World,</p>\n\n<p></p>\n\n<p>this is a test!</p>"}}, {"model": "djangocms_text_ckeditor.text", "pk": 3, "fields": {"body": "<h1>Datenschutz</h1>\n\n<p>Hello Datenschutz</p>"}}, {"model": "djangocms_text_ckeditor.text", "pk": 4, "fields": {"body": "<p>Hello World,</p>\n\n<p></p>\n\n<p>this is a test!</p>"}}, {"model": "content_marketing.heroservicemodule", "pk": 5, "fields": {"title": "Webapplikationen mit Python Django", "description": "Some Dummy Content", "link": "https://example.org", "link_text": "Klick mich"}}, {"model": "content_marketing.offerservicemodule", "pk": 6, "fields": {"title": "Was wir anbieten", "description": "Some description here", "image": "", "image_title": null, "image_alt_text": null}}, {"model": "content_marketing.offerservicemodule", "pk": 14, "fields": {"title": "dfggdsf", "description": "gfdsgdf", "image": "", "image_title": null, "image_alt_text": null}}, {"model": "content_marketing.offerserviceitem", "pk": 7, "fields": {"icon_class": null, "title": "Item 1", "description": "Item 1 description"}}, {"model": "content_marketing.offerserviceitem", "pk": 9, "fields": {"icon_class": "1", "title": "My Title", "description": "Hello World"}}, {"model": "content_marketing.howweworkmodule", "pk": 8, "fields": {"title": "Wie wir arbeiten", "description": "So arbeiten wir", "link": "#arbeit", "link_title": "Jetzt unverbindliches Angebot anfordern"}}, {"model": "content_marketing.contentleftrightmodule", "pk": 10, "fields": {"title": "Left", "description": "This is left", "link": "left", "link_title": "left", "image_is_left": true, "image_title": null, "image_alt_text": null, "image": ""}}, {"model": "content_marketing.contentleftrightmodule", "pk": 11, "fields": {"title": "Right", "description": "tigh", "link": null, "link_title": null, "image_is_left": false, "image_title": null, "image_alt_text": null, "image": ""}}, {"model": "content_marketing.getintouchmodule", "pk": 12, "fields": {"title": "Treten Sie mir uns in Kontakt", "description": "Kontakt sruff", "contact_title": "Kontakt", "phone_number": "0012312", "email_adress": "dlsfaj@fjdla.com", "street_adress": "fdsafdsa", "city_adress": "97422 Schweinfurt", "linkedin_link": null, "instagram_link": null}}, {"model": "content_marketing.footermodule", "pk": 13, "fields": {"title": "Footer Title", "description": "Footer Descroption", "contact_title": "Kontakt", "phone_number": "341534215321", "email_adress": "info@surfgreen.dev", "street_adress": "fdsafds", "city_adress": "97422 Schweinfurt", "linkedin_link": null, "instagram_link": null, "seo_text": "This is seo text"}}]
